bin,Njets,Nbjets,MHT,HT,local_signal,local_background,local_data_obs,local_mc_stddev,local_neff,paper_background,paper_observed,qcd_inclusive_2024,tt_hadronic_2024,tt_semileptonic_2024,wjets_2024,zjets_2024,paper_Lost-lepton,paper_Z->nunu,paper_QCD,paper_stat_plus,paper_stat_minus,paper_syst_plus,paper_syst_minus,local_over_paper
1,#2--3,#0,#300--350,#300--600,0.005689245709871434,3845207.2486347845,3845207.2486347845,1798606.228776287,4.570537941224791,129800.0,130720.0,3761386.4130911953,27.107358209475656,1231.910696940733,38116.548170858274,44445.26931758087,38870.0,89100.0,1800.0,1100.0,-1100.0,2800.0,-2800.0,29.624092824613133
2,#2--3,#0,#300--350,#600--1200,0.002844622854935717,27727.650931523953,27727.650931523953,885.5628070139752,980.3641454904017,8060.0,7820.0,23968.207153653606,0.7972752414551663,17.678153734596794,1722.327476442612,2018.640872451686,2760.0,4970.0,330.0,200.0,-200.0,220.0,-220.0,3.4401552024223268
3,#2--3,#0,#300--350,#$\geq$1200,0.0,886.2501908474995,886.2501908474995,25.508721916307078,1207.077861309356,552.0,514.0,660.0101414903519,0.0,0.4276972677725031,91.57868061505283,134.23367147432234,181.0,308.0,62.0,40.0,-40.0,32.0,-32.0,1.6055257080570644
4,#2--3,#0,#350--600,#350--600,0.025601605694421454,811499.1534338426,811499.1534338426,155554.702245513,27.215094986609934,104900.0,100830.0,742036.6694635692,13.02216227710105,653.0937278886122,27822.41978362854,40973.94829647905,26230.0,78000.0,660.0,500.0,-500.0,2300.0,-2300.0,7.735930919293065
5,#2--3,#0,#350--600,#600--1200,0.014223114274678586,82032.21645207837,82032.21645207837,23546.642808852514,12.136987382200049,20100.0,19319.0,72071.42995637798,1.063033655273555,50.3257118412312,3773.5455648743546,6135.852185329546,5319.0,14570.0,210.0,160.0,-160.0,450.0,-450.0,4.081204798610864
6,#2--3,#0,#350--600,#$\geq$1200,0.005689245709871434,1658.4996383723515,1658.4996383723515,39.43867714440483,1768.4227104955748,997.0,933.0,1184.80466240703,0.0,1.9959205829383477,156.6999270277349,314.99912835464806,279.0,689.0,29.0,32.0,-32.0,40.0,-40.0,1.6634901086984468
7,#2--3,#0,#600--850,#600--1200,0.042669342824035755,178411.94217711006,178411.94217711006,155481.04847575622,1.3167184490241364,7520.0,6786.0,173486.32388666147,0.0,24.23617850710851,1470.6058694638582,3430.776242477643,1220.0,6290.0,11.1,70.0,-70.0,360.0,-360.0,23.72499231078591
8,#2--3,#0,#600--850,#$\geq$1200,0.00853386856480715,388.4931382198569,388.4931382198569,16.506401448490458,553.9389434749538,293.0,277.0,246.67803714237584,0.0,0.2851315118483354,38.71039741445072,102.819572151182,52.0,240.0,0.73,14.0,-14.0,16.0,-16.0,1.3259151475080442
9,#2--3,#0,#$\geq$850,#850--1700,0.04835858853390719,159161.79860561684,159161.79860561684,155480.97781752681,1.047907985804066,1205.0,933.0,158300.93743832735,0.0,3.849275409952528,233.76412058192665,623.2477712976195,116.0,1088.0,0.35,28.0,-28.0,98.0,-98.0,132.0844801706364
10,#2--3,#0,#$\geq$850,#$\geq$1700,0.011378491419742868,155581.43449850223,155581.43449850223,155480.97551449313,1.0012926525297636,50.7,50.0,155545.89249652615,0.0,0.4276972677725031,11.527341787825126,23.586962920507766,1.8,48.9,0.02,6.7,-5.0,5.1,-5.1,3068.6673471104973
11,#2--3,#1,#300--350,#300--600,0.022756982839485736,159655.44824692883,159655.44824692883,4240.620085809139,1417.4532849818995,15800.0,15272.0,151616.8037120436,49.96258179785709,2260.522625933603,2398.018029380789,3330.1412977730056,5590.0,9800.0,360.0,200.0,-200.0,1500.0,-1500.0,10.104775205501825
12,#2--3,#1,#300--350,#600--1200,0.014223114274678586,4601.6936657908145,4601.6936657908145,436.8926307183868,110.93944019898801,1150.0,1177.0,4239.255180240173,0.2657584138183888,47.33183096682368,137.06590806481358,177.77498810518463,436.0,616.0,99.0,60.0,-60.0,110.0,-110.0,4.001472752861578
13,#2--3,#1,#300--350,#$\geq$1200,0.014223114274678586,145.5778420383833,145.5778420383833,8.47437203560092,295.1042760168301,84.0,71.0,119.203434225876,0.0,0.9979602914691739,9.868744818580081,15.507702702458072,27.4,38.4,18.0,13.0,-13.0,15.0,-10.0,1.7330695480759917
14,#2--3,#1,#350--600,#350--600,0.11094029134249296,249296.28141831292,249296.28141831292,155531.2545142087,2.569190165339272,11900.0,11121.0,242675.31140261254,27.107358209475656,1514.903722450206,1963.29573923503,3115.663195805688,3237.0,8600.0,124.0,100.0,-100.0,1300.0,-1300.0,20.949267346076716
15,#2--3,#1,#350--600,#600--1200,0.11378491419742869,10099.00627523966,10099.00627523966,955.4667031631024,111.71877630181912,2590.0,2530.0,9140.418332087338,4.25213462109422,114.05260473933416,314.2548976807542,526.0283061111404,757.0,1780.0,48.0,40.0,-40.0,270.0,-270.0,3.8992302221002553
16,#2--3,#1,#350--600,#$\geq$1200,0.09956179992275009,288.7383526160782,288.7383526160782,22.061665463706007,171.29013790108428,132.0,127.0,237.01716445641367,0.5315168276367775,4.4195384336491985,12.424054491588372,34.346078406790205,36.7,86.0,9.1,10.0,-10.0,15.0,-15.0,2.1874117622430167
17,#2--3,#1,#600--850,#600--1200,0.22472520553992165,158870.37654556657,158870.37654556657,155480.99059226987,1.0440739303380322,880.0,728.0,158353.60384654623,2.12606731054711,96.37445100473737,127.08023950732553,291.19194119775636,162.0,710.0,2.3,20.0,-20.0,110.0,-110.0,180.5345188017802
18,#2--3,#1,#600--850,#$\geq$1200,0.08818330850300724,61.93791099465406,61.93791099465406,4.073315689584723,231.21551208170104,32.3,31.0,44.746598073219396,0.0,0.4276972677725031,4.431594174377401,12.332021479284759,2.7,29.5,0.12,3.8,-2.1,4.8,-4.8,1.91758238373542
19,#2--3,#1,#$\geq$850,#850--1700,0.29299615405837887,548.7737892071593,548.7737892071593,8.245211677117341,4429.7896197455875,133.0,112.0,448.8707607589235,0.2657584138183888,17.250456466824293,20.74303505850922,61.64377850908397,8.7,124.0,0.1,5.0,-5.0,22.0,-22.0,4.126118715843303
20,#2--3,#1,#$\geq$850,#$\geq$1700,0.05973707995365006,19.149860468067516,19.149860468067516,2.192493957037861,76.28768176871968,6.0,5.0,13.7473009499057,0.0,0.4276972677725031,2.070673907185358,2.9041883432039564,0.0,6.0,0.03,3.6,-0.6,1.1,-1.1,3.191643411344586
21,#2--3,#$\geq$2,#300--350,#300--600,0.00853386856480715,17568.276907333922,17568.276907333922,1363.4946362597077,166.01658209049629,1710.0,1787.0,16781.234333752036,8.50426924218844,275.29447468956783,143.27787454398856,359.96595510614077,706.0,940.0,66.0,80.0,-80.0,290.0,-290.0,10.273846144639721
22,#2--3,#$\geq$2,#300--350,#600--1200,0.011378491419742868,523.5280373785099,523.5280373785099,202.63896017919384,6.674734473448231,186.0,148.0,483.32165788792213,0.2657584138183888,22.097692168245995,3.5841532206651703,14.25877568785824,96.0,71.0,19.0,18.0,-18.0,29.0,-23.0,2.8146668676263973
23,#2--3,#$\geq$2,#300--350,#$\geq$1200,0.0341354742592286,10.670645951064866,10.670645951064866,2.0313905660566585,27.59272282083036,10.2,11.0,8.132470235124988,0.0,0.9979602914691739,0.6660383597675809,0.8741770647031244,3.5,4.4,2.2,4.8,-2.6,2.5,-1.7,1.0461417599083203
24,#2--3,#$\geq$2,#350--600,#350--600,0.054047834243778625,10214.809008835946,10214.809008835946,573.5149390523374,317.227648308678,1190.0,1159.0,9556.363113029334,6.112443517822942,204.86699126302898,119.81114717582665,327.65531384993216,362.0,810.0,13.0,30.0,-30.0,250.0,-250.0,8.583873116668862
25,#2--3,#$\geq$2,#350--600,#600--1200,0.10809566848755725,788.4742776111007,788.4742776111007,71.5460881771419,121.45160905054283,373.0,322.0,686.3738378936008,0.5315168276367775,49.04262003791369,13.113379929187554,39.412922922761766,166.0,201.0,5.1,18.0,-18.0,62.0,-62.0,2.113872057938608
26,#2--3,#$\geq$2,#350--600,#$\geq$1200,0.19912359984550018,16.0675451772845,16.0675451772845,2.163912755262,55.13400808872673,17.5,13.0,12.911486289304182,0.0,0.9979602914691739,0.0,2.158098596511146,6.0,9.9,1.5,4.9,-3.1,3.4,-3.1,0.9181454387019715
27,#2--3,#$\geq$2,#600--850,#600--1200,0.19058973128069304,978.7203986013214,978.7203986013214,610.56495488137,2.5695290609211283,89.0,50.0,926.89478315013,0.5315168276367775,17.82071949052096,6.502268081562759,26.971111051470835,17.5,72.0,0.09,7.0,-7.0,22.0,-22.0,10.996858411250804
28,#2--3,#$\geq$2,#600--850,#$\geq$1200,0.18490048557082162,6.334995695721517,6.334995695721517,1.7233142703287239,13.513370361664334,3.4,4.0,5.397885577732524,0.2657584138183888,0.0,0.0,0.671351704170605,0.0,3.4,0.08,2.9,-0.2,1.0,-1.0,1.8632340281533875
29,#2--3,#$\geq$2,#$\geq$850,#850--1700,0.25601605694421453,46.30434679584242,46.30434679584242,2.099045008940179,486.63128076480916,12.6,9.0,37.80214313548114,0.2657584138183888,2.1384863388625157,1.3320767195351617,4.765882188145217,0.0,12.5,0.09,4.5,-0.3,4.0,-4.0,3.674948158400192
30,#2--3,#$\geq$2,#$\geq$850,#$\geq$1700,0.11094029134249296,1.1197221018945012,1.1197221018945012,0.16969742893111145,43.53815053283557,0.7,0.0,0.8414053130200128,0.0,0.1425657559241677,0.0,0.13575103295032076,0.0,0.68,0.04,3.7,-0.1,0.2,-0.2,1.5996030027064303
31,#4--5,#0,#300--350,#300--600,0.00853386856480715,1059299.212425416,1059299.212425416,852126.0132430064,1.5453599471431523,23280.0,23241.0,1042637.2345048399,80.79055780079018,1065.6790255331537,7591.454552343236,7924.0537848990125,8720.0,13930.0,630.0,370.0,-370.0,740.0,-660.0,45.502543489064266
32,#4--5,#0,#300--350,#600--1200,0.014223114274678586,38383.578662134205,38383.578662134205,1455.0131253092964,695.9164537532337,7440.0,7277.0,33296.8776213558,14.085195932374605,152.2602273270111,2472.9654936717006,2447.3901238473222,2990.0,3960.0,490.0,270.0,-270.0,280.0,-280.0,5.159083153512662
33,#4--5,#0,#300--350,#$\geq$1200,0.00853386856480715,1819.4022367158666,1819.4022367158666,68.43630985148532,706.7800472791962,760.0,726.0,1415.1873330135184,0.7972752414551663,5.417498725118373,183.94573132787434,214.05439840790063,216.0,317.0,230.0,120.0,-120.0,100.0,-100.0,2.3939503114682457
34,#4--5,#0,#350--600,#350--600,0.022756982839485736,113981.03924632279,113981.03924632279,4395.977910236475,672.2862393207884,16820.0,16720.0,101112.98284106172,35.34586903784571,582.5236787061492,5335.544599889103,6914.642257627973,5230.0,11410.0,180.0,150.0,-150.0,490.0,-490.0,6.776518385631557
35,#4--5,#0,#350--600,#600--1200,0.08818330850300724,59434.75339561421,59434.75339561421,1251.626952542022,2254.9198869609595,13870.0,13837.0,49105.17333394916,16.742780070558492,249.3475071113693,4282.526326134697,5780.9634483484215,4654.0,9000.0,210.0,140.0,-140.0,370.0,-370.0,4.285130021313209
36,#4--5,#0,#350--600,#$\geq$1200,0.025601605694421454,3183.5439503142575,3183.5439503142575,211.91802020757936,225.67628485130822,1148.0,1141.0,2380.032492433776,0.7972752414551663,10.977563206160912,298.3229266139536,493.4136928189115,364.0,680.0,104.0,61.0,-61.0,59.0,-59.0,2.773121907939249
37,#4--5,#0,#600--850,#600--1200,0.09671717706781438,7010.710261288844,7010.710261288844,113.10489398560703,3842.034354440096,2025.0,2028.0,5211.234687512661,0.7972752414551663,21.955126412321825,587.5130190510658,1189.2101530713396,428.0,1592.0,5.1,32.0,-32.0,94.0,-94.0,3.462079141377207
38,#4--5,#0,#600--850,#$\geq$1200,0.02844622854935717,661.997224437578,661.997224437578,23.23956026817701,811.4402097281607,299.0,291.0,434.8157536606257,0.2657584138183888,3.2790123862558573,59.458816613259344,164.17788336361872,72.2,225.0,1.9,13.0,-13.0,14.0,-14.0,2.21403753992501
39,#4--5,#0,#$\geq$850,#850--1700,0.12516340561717154,1263.4634072762487,1263.4634072762487,14.886079620508696,7203.850003586314,393.0,360.0,918.1952635004725,0.0,4.134406921800863,81.43808248558952,259.695654368386,42.4,351.0,0.13,15.0,-15.0,32.0,-32.0,3.214919611389946
40,#4--5,#0,#$\geq$850,#$\geq$1700,0.01991235998455002,113.62296687647634,113.62296687647634,3.2758441865219075,1203.0558164670044,44.6,51.0,69.66797684056452,0.0,0.4276972677725031,12.170093069761107,31.357199698378206,6.1,38.4,0.06,5.5,-4.6,4.4,-4.4,2.547600154181084
41,#4--5,#1,#300--350,#300--600,0.0654263256635215,59111.14892824602,59111.14892824602,4425.934898990914,178.37285277678146,7290.0,7157.0,51475.7142543706,308.0140016155126,5106.847942959611,1094.089126945092,1126.4836023551995,4217.0,2850.0,220.0,140.0,-140.0,480.0,-480.0,8.108525230212074
42,#4--5,#1,#300--350,#600--1200,0.09387255421287866,12615.940591275838,12615.940591275838,957.4710060783195,173.61530482773938,2500.0,2387.0,11040.181957567942,48.102272901128366,758.5923872724964,388.63181116834636,380.4321623659242,1389.0,850.0,260.0,150.0,-150.0,250.0,-180.0,5.046376236510335
43,#4--5,#1,#300--350,#$\geq$1200,0.031290851404292885,664.2165029500878,664.2165029500878,44.885624614206144,218.98016435667137,255.0,229.0,546.9437714356187,3.9863762072758315,37.0670965402836,37.660953334873824,38.55830543203578,93.0,69.0,93.0,51.0,-51.0,72.0,-44.0,2.604770599804266
44,#4--5,#1,#350--600,#350--600,0.2332590741047288,29158.707094812708,29158.707094812708,1383.8944553191761,443.94645056826823,4460.0,4317.0,24390.76418250118,152.81108794557355,2884.8180711255336,763.4971908596091,966.8165623808079,2068.0,2330.0,64.0,60.0,-60.0,370.0,-370.0,6.537826702872804
45,#4--5,#1,#350--600,#600--1200,0.6002154223914363,16992.348193287267,16992.348193287267,868.6068296771497,382.70163512044536,3780.0,3822.0,14126.33809823032,69.36294600659947,1234.334314791444,684.9929076411767,877.3199266177271,1777.0,1910.0,92.0,70.0,-70.0,300.0,-300.0,4.495330209864356
46,#4--5,#1,#350--600,#$\geq$1200,0.24463756552447166,930.0153164959702,930.0153164959702,49.36423608373211,354.94033983486236,305.0,350.0,714.3499391415464,2.657584138183888,59.73505173222627,62.789008412097246,90.48373307191633,112.0,148.0,45.0,27.0,-27.0,42.0,-32.0,3.049230545888427
47,#4--5,#1,#600--850,#600--1200,0.8050282679468079,1861.818586678945,1861.818586678945,62.36829871732801,891.1420316718991,441.0,388.0,1471.2808982877289,5.846685104004553,110.7735923530783,93.42677296140597,180.4906379727272,107.0,332.0,1.8,12.0,-12.0,54.0,-54.0,4.221810854147267
48,#4--5,#1,#600--850,#$\geq$1200,0.41247031396567896,180.99689144227955,180.99689144227955,7.447777303792672,590.5937783203208,72.5,74.0,126.00560803057756,1.063033655273555,13.543746812795932,11.322652116048875,29.06185082758362,23.1,48.6,0.78,5.5,-5.5,8.1,-8.1,2.496508847479718
49,#4--5,#1,#$\geq$850,#850--1700,1.0240642277768581,320.010899608658,320.010899608658,6.947093325605865,2121.891998634326,82.0,73.0,252.984988869138,1.328792069091944,13.6863125687201,9.990575396513712,42.02023070519423,9.4,73.0,0.12,5.0,-5.0,13.0,-13.0,3.9025719464470487
50,#4--5,#1,#$\geq$850,#$\geq$1700,0.1820558627158859,49.20242275273607,49.20242275273607,13.637974840063276,13.015870127342941,9.4,14.0,37.86670752752177,0.2657584138183888,2.423617850710851,2.6641534390703234,5.98218552161474,1.0,8.3,0.03,2.5,-1.2,1.6,-1.6,5.234300292844263
51,#4--5,#2,#300--350,#300--600,0.07680481708326437,17535.568134416277,17535.568134416277,1255.6524516555255,195.02971422646064,2340.0,2505.0,12256.141302715303,175.1347947063182,4646.930814348247,171.2547175541109,286.10650509229475,1806.0,468.0,68.0,70.0,-70.0,110.0,-90.0,7.493832536075332
52,#4--5,#2,#300--350,#600--1200,0.1166295370523644,4083.9735529716486,4083.9735529716486,532.9078284110215,58.73022192101278,902.0,864.0,2880.592098360437,35.87738586548249,1010.9337752582732,62.84858042810827,93.7217130593477,687.0,144.0,71.0,47.0,-47.0,75.0,-41.0,4.5276868658222265
53,#4--5,#2,#300--350,#$\geq$1200,0.10240642277768582,209.5321062647813,209.5321062647813,31.292029334767495,44.83670609422368,70.0,72.0,156.2902557731099,1.328792069091944,39.063017123221954,5.328306878140647,7.521734421216886,34.0,12.0,24.0,14.0,-14.0,23.0,-11.0,2.99331580378259
54,#4--5,#2,#350--600,#350--600,0.22472520553992165,7492.846888056771,7492.846888056771,521.585786594191,206.36793566709383,1218.0,1208.0,4703.7784481167155,98.06485469898546,2312.5591268459243,139.9509146450346,238.4935437501121,820.0,381.0,17.0,36.0,-36.0,68.0,-68.0,6.151762633872554
55,#4--5,#2,#350--600,#600--1200,1.0667335706008938,5029.605459143929,5029.605459143929,258.11482097891565,379.7011849537328,1141.0,1180.0,3083.2804446876294,47.57075607349159,1587.6122579715316,110.5130959713674,200.62890443990887,794.0,324.0,23.0,32.0,-32.0,58.0,-58.0,4.408067887067422
56,#4--5,#2,#350--600,#$\geq$1200,0.7708927936875793,287.2276924462694,287.2276924462694,29.047119350090288,97.77920006959411,85.0,78.0,194.17932969579053,1.5945504829103325,61.01814353554378,13.986805555119197,16.448863176905547,47.8,25.6,12.0,11.0,-10.0,12.0,-7.0,3.3791493228972866
57,#4--5,#2,#600--850,#600--1200,1.2260324504772941,1097.9527309937023,1097.9527309937023,610.7466210228677,3.231804942395181,93.1,98.0,936.2185998748027,9.567302897461996,96.51701676066153,17.316997353957102,38.33281410681879,37.1,55.5,0.45,8.0,-6.8,9.7,-9.7,11.793262416688533
58,#4--5,#2,#600--850,#$\geq$1200,0.884677707885008,43.07699303794337,43.07699303794337,3.542379269753808,147.8770045276443,17.4,15.0,26.434151387328313,0.0,10.407300182464242,0.6660383597675809,5.569503108383232,8.8,8.4,0.2,5.3,-3.6,1.5,-1.5,2.475689255054217
59,#4--5,#2,#$\geq$850,#850--1700,1.900208067097059,87.88748527948518,87.88748527948518,4.391770127342675,400.4745072949251,13.3,15.0,65.08055615760443,0.7972752414551663,10.264734426540075,2.6641534390703234,9.080766014815183,1.2,12.0,0.09,2.8,-1.1,2.2,-2.2,6.608081599961291
60,#4--5,#2,#$\geq$850,#$\geq$1700,0.45513965678971474,9.86538858153566,9.86538858153566,1.6454627282910752,35.94614263370373,1.5,1.0,7.235000508644599,0.2657584138183888,1.2830918033175094,0.0,1.0815378557551634,0.0,1.44,0.04,2.6,-0.1,0.3,-0.3,6.576925721023773
61,#4--5,#$\geq$3,#300--350,#300--600,0.011378491419742868,1792.824523671615,1792.824523671615,395.5019015467932,20.548419180020492,192.0,222.0,1135.6337909481058,27.373116623294045,600.0592666848219,8.17386291115562,21.584486504237837,147.0,40.0,4.4,15.0,-15.0,15.0,-15.0,9.337627727456328
62,#4--5,#$\geq$3,#300--350,#600--1200,0.00853386856480715,299.84625941251716,299.84625941251716,40.85987429745514,53.85217126596824,99.0,92.0,133.15765643830215,2.657584138183888,151.97509581516277,5.509709472085297,6.546213548783037,76.7,13.5,9.0,10.0,-10.0,13.0,-6.0,3.0287500950759307
63,#4--5,#$\geq$3,#300--350,#$\geq$1200,0.01991235998455002,31.016612069704454,31.016612069704454,13.63474197727314,5.174815483876832,10.6,5.0,21.798411674513048,1.063033655273555,7.698550819905056,0.0,0.45661592001279727,5.8,1.14,3.7,4.5,-3.3,4.7,-1.5,2.9260954782740054
64,#4--5,#$\geq$3,#350--600,#350--600,0.022756982839485736,987.989045616726,987.989045616726,209.2768630522251,22.28752405896965,107.0,111.0,665.1807915386149,14.88247117382977,285.9869063838804,6.175747831852878,15.76312868854797,73.0,33.0,1.2,11.0,-11.0,12.0,-12.0,9.233542482399308
65,#4--5,#$\geq$3,#350--600,#600--1200,0.09387255421287866,510.35032735376814,510.35032735376814,46.46055898149271,120.66128166843595,125.0,138.0,248.81063053883122,7.175477173096497,231.09909035307584,8.35526550510027,14.9098637836643,92.0,30.0,3.2,11.0,-10.0,12.0,-11.0,4.082802618830145
66,#4--5,#$\geq$3,#350--600,#$\geq$1200,0.09671717706781438,28.970094151585702,28.970094151585702,3.4706382285846065,69.67566476792122,9.3,5.0,16.221382447057486,0.2657584138183888,9.2667741350709,1.9981150793027425,1.2180640763361832,5.0,2.45,1.8,3.6,-2.5,2.5,-1.1,3.1150638872672793
67,#4--5,#$\geq$3,#600--850,#600--1200,0.14792038845665728,58.685770676582045,58.685770676582045,5.610643967408579,109.40576394651332,6.3,5.0,36.37463381559832,1.328792069091944,17.107890710900126,1.9981150793027425,1.8763390016889068,1.3,4.9,0.1,2.9,-1.1,1.8,-1.8,9.315201694695563
68,#4--5,#$\geq$3,#600--850,#$\geq$1200,0.09956179992275009,6.171766146032752,6.171766146032752,1.1149933718916307,30.638983470434642,0.9,0.0,3.7837451326398304,0.2657584138183888,1.7107890710900124,0.0,0.4114735284845207,0.0,0.79,0.1,2.6,-0.1,0.3,-0.3,6.857517940036391
69,#4--5,#$\geq$3,#$\geq$850,#850--1700,0.17636661700601447,7.683514554190111,7.683514554190111,0.8699739955922385,78.00227939366164,1.2,1.0,5.225421251779073,0.2657584138183888,1.7107890710900124,0.0,0.48154581750263786,0.0,1.05,0.1,3.2,-0.1,0.4,-0.4,6.402928795158426
70,#4--5,#$\geq$3,#$\geq$850,#$\geq$1700,0.05973707995365006,1.1347751325067792,1.1347751325067792,0.3911834038751596,8.415090237850762,0.2,0.0,0.7839263756498938,0.0,0.2851315118483354,0.0,0.06571724500855004,0.0,0.13,0.04,2.3,-0.0,0.1,-0.1,5.673875662533896
71,#6--7,#0,#300--350,#300--600,0.005689245709871434,10794.91934335261,10794.91934335261,1411.014466856388,58.5296423701164,1590.0,1480.0,9960.720668451808,16.477021656740103,121.75115555923922,365.85974918417816,330.110748500647,686.0,761.0,144.0,90.0,-90.0,110.0,-90.0,6.78925744864944
72,#6--7,#0,#300--350,#600--1200,0.005689245709871434,10300.56135734255,10300.56135734255,907.4637698585101,128.8437026295125,2110.0,1993.0,9166.527490314113,18.603088967287214,121.32345829146672,526.908901404039,467.1984183656462,967.0,873.0,280.0,140.0,-140.0,150.0,-150.0,4.8817826338116355
73,#6--7,#0,#300--350,#$\geq$1200,0.0,887.3097117515526,887.3097117515526,65.16155504250975,185.42470214088377,410.0,362.0,736.4556215810843,0.5315168276367775,8.268813843601727,71.26610449513115,70.7876550040987,121.5,116.8,172.0,87.0,-87.0,75.0,-75.0,2.1641700286623236
74,#6--7,#0,#350--600,#350--600,0.0,4182.556510339411,4182.556510339411,543.2385785277401,59.279212629130505,901.0,847.0,3651.072829921838,7.972752414551663,59.877617488150435,211.98160100003537,251.6517095148355,353.0,514.0,33.0,32.0,-32.0,44.0,-44.0,4.642127092496572
75,#6--7,#0,#350--600,#600--1200,0.0654263256635215,11410.201963203599,11410.201963203599,703.5227718662992,263.0451776714369,2890.0,2842.0,9573.208580591188,18.337330553468824,146.1298998222719,769.2743055315559,903.2518467051116,1219.0,1540.0,130.0,80.0,-80.0,130.0,-130.0,3.948166769274602
76,#6--7,#0,#350--600,#$\geq$1200,0.0170677371296143,1176.9810593420736,1176.9810593420736,50.04727773912941,553.0673601619445,547.0,553.0,870.9810946449837,2.12606731054711,15.111970127961776,117.22275131909423,171.53917593948694,208.0,258.0,81.0,43.0,-43.0,39.0,-39.0,2.151702119455345
77,#6--7,#0,#600--850,#600--1200,0.04551396567897147,724.7889470465545,724.7889470465545,36.30871297820878,398.47530685237217,259.0,245.0,523.3252314031977,0.7972752414551663,6.84315628436005,74.59629629396906,119.22698782357264,76.1,182.0,1.7,11.0,-11.0,15.0,-15.0,2.79841292295967
78,#6--7,#0,#600--850,#$\geq$1200,0.02844622854935717,250.13719326194993,250.13719326194993,16.21323506776219,238.02204713708448,104.8,122.0,176.0856309727963,0.2657584138183888,2.1384863388625157,19.981150793027425,51.6661667434453,29.7,72.8,2.3,7.4,-6.7,5.8,-5.8,2.3868052792170795
79,#6--7,#0,#$\geq$850,#850--1700,0.042669342824035755,171.27460730275925,171.27460730275925,6.37917635852123,720.8696533162519,53.8,55.0,125.41826483189391,0.0,1.4256575592416771,12.654728835584036,31.77595607603964,18.5,35.2,0.1,5.4,-4.7,3.9,-3.9,3.1835428866683877
80,#6--7,#0,#$\geq$850,#$\geq$1700,0.014223114274678586,38.50832591176204,38.50832591176204,1.9034280460875652,409.2949151616323,17.0,20.0,25.018638389457614,0.0,0.4276972677725031,3.3301917988379044,9.73179845569402,4.3,12.7,0.05,3.2,-2.6,1.9,-1.9,2.2651956418683556
81,#6--7,#1,#300--350,#300--600,0.005689245709871434,3191.2082230968113,3191.2082230968113,526.2267245653707,36.77599948335707,965.0,946.0,2220.1446052289975,101.51971407862452,717.2483180544878,83.2547949709476,69.0407907637541,675.0,248.0,42.0,34.0,-34.0,53.0,-53.0,3.306951526525193
82,#6--7,#1,#300--350,#600--1200,0.0654263256635215,3639.235505421329,3639.235505421329,319.82710846839575,129.47615043805416,1355.0,1282.0,2473.9492339669678,104.1772982168084,811.6268484762867,147.37588010258003,102.10624465868582,950.0,289.0,115.0,63.0,-63.0,77.0,-77.0,2.6857826608275492
83,#6--7,#1,#300--350,#$\geq$1200,0.042669342824035755,473.42157567631705,473.42157567631705,43.02450163189911,121.07776516256497,201.0,197.0,352.1842066319849,6.37820193164133,72.13827249762886,23.31134259186533,19.40955202319659,105.6,39.3,57.0,30.0,-30.0,26.0,-26.0,2.3553312222702343
84,#6--7,#1,#350--600,#350--600,0.03698009711416432,1893.404259126823,1893.404259126823,353.1126948835197,28.75146885111164,429.0,425.0,1414.1373473724423,43.584379866215755,338.30853880804995,49.95287698256856,47.421116097546474,252.0,168.0,9.5,18.0,-18.0,31.0,-31.0,4.413529741554366
85,#6--7,#1,#350--600,#600--1200,0.4949643767588148,4350.409098151164,4350.409098151164,256.7535492099275,287.0960950839322,1614.0,1521.0,2927.513859046728,97.53333787134868,927.5328080426351,211.80019840609071,186.02889478436083,1050.0,510.0,53.0,39.0,-39.0,96.0,-96.0,2.695420754740498
86,#6--7,#1,#350--600,#$\geq$1200,0.2901515312034431,711.1626302817209,711.1626302817209,51.57361665172893,190.1440234917089,268.0,269.0,508.6209854554103,11.161853380372328,114.48030200710667,34.633994707914205,42.26549473091745,155.0,86.0,26.0,17.0,-17.0,20.0,-20.0,2.653591904036272
87,#6--7,#1,#600--850,#600--1200,0.47220739391932903,299.77368098383545,299.77368098383545,26.325213428560136,129.67110142684558,95.0,90.0,207.10357151134417,6.909718759278108,43.197424045022814,15.98492063442194,26.578046033768423,34.7,60.0,0.69,6.0,-6.0,11.0,-11.0,3.1555124314087943
88,#6--7,#1,#600--850,#$\geq$1200,0.3498886111570932,122.55783710654404,122.55783710654404,14.886778788563658,67.77674470005812,50.9,49.0,82.3256591850607,1.8603088967287214,16.822759199051788,8.658498676978551,12.890611148724279,25.9,24.4,0.59,5.1,-4.4,4.4,-4.4,2.4078160531737534
89,#6--7,#1,#$\geq$850,#850--1700,0.6059046681013077,64.88446975293823,64.88446975293823,3.5707304314283297,330.1926411147512,19.4,17.0,47.351872304127255,0.7972752414551663,6.84315628436005,2.6641534390703234,7.228012483925436,7.9,11.5,0.05,3.2,-2.5,2.3,-2.3,3.344560296543208
90,#6--7,#1,#$\geq$850,#$\geq$1700,0.17636661700601447,16.93645425104554,16.93645425104554,1.1931005260246301,201.50735956575733,5.9,7.0,10.995925885800352,0.0,2.5661836066350188,0.6660383597675809,2.7083063988425877,1.5,4.29,0.04,2.2,-1.2,0.9,-0.9,2.870585466278905
91,#6--7,#2,#300--350,#300--600,0.02844622854935717,1657.884434167571,1657.884434167571,205.55751114992458,65.04917705035209,450.0,450.0,508.3312604469787,116.1364268386359,991.6873982085106,17.316997353957102,24.41235131948887,376.0,64.0,9.8,20.0,-20.0,16.0,-16.0,3.6841876314834914
92,#6--7,#2,#300--350,#600--1200,0.14507576560172156,2765.955374298243,2765.955374298243,348.4829846210798,62.998060996627636,803.0,797.0,1186.053578135225,114.01035952808878,1399.5680259075543,29.305687829773557,37.01772289760151,693.0,76.0,34.0,28.0,-28.0,25.0,-25.0,3.4445272407201033
93,#6--7,#2,#300--350,#$\geq$1200,0.13369727418197871,241.42116538426384,241.42116538426384,10.661998449026566,512.7119667013499,76.0,84.0,97.49227874398584,11.959128621827494,121.03832677961837,4.662268518373066,6.269162720459084,46.7,10.5,18.7,11.0,-11.0,8.0,-8.0,3.1765942813718926
94,#6--7,#2,#350--600,#350--600,0.03982471996910004,752.0235183961609,752.0235183961609,59.50212501157273,159.7341934878826,165.0,188.0,270.0263014016783,69.36294600659947,381.3633970971486,13.320767195351618,17.950106695382786,120.0,43.6,2.1,12.0,-12.0,9.0,-9.0,4.5577182933100655
95,#6--7,#2,#350--600,#600--1200,1.0269088506317938,2889.472421005728,2889.472421005728,220.02183290253973,172.46681799589606,809.0,762.0,1157.1676531462656,121.71735352882206,1497.3681344715335,45.95664682396308,67.26263303514361,661.0,134.0,14.6,24.0,-24.0,30.0,-30.0,3.571659358474324
96,#6--7,#2,#350--600,#$\geq$1200,0.6855541080395078,385.21825955576674,385.21825955576674,25.81260786977413,222.71525314501318,96.9,106.0,157.26802280272338,14.350954346192994,192.03607322985388,8.658498676978551,12.904710500017924,66.6,22.8,7.5,8.3,-8.3,6.0,-6.0,3.9754206352504307
97,#6--7,#2,#600--850,#600--1200,1.004151867792308,181.39277295829214,181.39277295829214,24.474593496853803,54.929922382017445,35.2,32.0,97.6639581009318,11.427611794190717,61.44584080331628,1.3320767195351617,9.523285540318176,19.3,15.7,0.15,4.3,-4.3,3.2,-3.2,5.153203777224208
98,#6--7,#2,#600--850,#$\geq$1200,0.904590067869558,58.87748062307416,58.87748062307416,3.5653599242738783,272.7041074125574,14.5,14.0,19.243961158242122,2.391825724365499,30.366506011847722,3.3301917988379044,3.5449959297809204,8.0,6.5,0.09,3.3,-2.4,1.3,-1.3,4.060515905039598
99,#6--7,#2,#$\geq$850,#850--1700,1.4166221817579872,31.08554654419232,31.08554654419232,2.6433389966529597,138.29653175934976,4.8,9.0,17.095236124457095,2.9233425520022767,8.12624808767756,0.6660383597675809,2.274681420287809,1.8,2.98,0.05,1.8,-1.0,0.7,-0.7,6.476155530040066
100,#6--7,#2,#$\geq$850,#$\geq$1700,0.4181595596755504,5.982416146656522,5.982416146656522,0.6985665462157364,73.3394539992606,1.7,1.0,3.0829626322059105,0.0,2.1384863388625157,0.0,0.7609671755880956,0.5,1.15,0.02,1.2,-0.5,0.3,-0.3,3.5190683215626604
101,#6--7,#$\geq$3,#300--350,#300--600,0.0,604.6245860934573,604.6245860934573,197.59689410493706,9.362921416658779,78.0,86.0,279.72711855709673,30.03070076147793,290.26387906160545,1.9981150793027425,2.604772633974466,67.8,8.8,1.4,8.5,-8.5,4.0,-4.0,7.751597257608427
102,#6--7,#$\geq$3,#300--350,#600--1200,0.025601605694421454,597.1530407560153,597.1530407560153,36.846391909106536,262.65239306154,154.0,167.0,104.30040545727738,35.34586903784571,446.8010790663416,5.328306878140647,5.377380316410077,136.0,10.5,7.4,11.0,-11.0,6.0,-6.0,3.8776171477663333
103,#6--7,#$\geq$3,#300--350,#$\geq$1200,0.01991235998455002,89.48132373459805,89.48132373459805,19.535166592906748,20.981211515631045,21.1,16.0,42.292519425858906,3.189100965820665,41.62920072985697,1.3320767195351617,1.0384258935263544,15.7,1.44,3.9,4.3,-4.3,1.8,-1.8,4.240821030075737
104,#6--7,#$\geq$3,#350--600,#350--600,0.014223114274678586,134.8113110019302,134.8113110019302,5.898941126858972,522.2813771673212,27.2,28.0,10.16928820850242,15.945504829103326,106.21148816350494,0.6660383597675809,1.8189914410519377,20.6,6.0,0.68,5.4,-4.4,2.5,-2.5,4.956298198600375
105,#6--7,#$\geq$3,#350--600,#600--1200,0.17352199415107875,749.8841621027211,749.8841621027211,48.39209303369235,240.12620073525108,158.0,115.0,228.56418534499622,37.20617793457443,468.7562054786634,8.658498676978551,6.699094667508556,137.0,18.5,2.8,11.0,-11.0,9.0,-9.0,4.7461022917893745
106,#6--7,#$\geq$3,#350--600,#$\geq$1200,0.14507576560172156,110.76819134751766,110.76819134751766,6.677752718090352,275.1499659606841,20.2,23.0,34.847063565977855,3.7206177934574427,69.14439162322134,1.3320767195351617,1.7240416453258616,15.4,3.1,1.7,4.5,-3.7,1.6,-1.6,5.483573829085032
107,#6--7,#$\geq$3,#600--850,#600--1200,0.15929887987640015,35.57389471217418,35.57389471217418,3.799916212606439,87.64250649170181,6.3,6.0,13.61199516253556,3.454859379639054,16.68019344312762,0.6660383597675809,1.1608083671043674,4.1,2.16,0.05,2.5,-1.7,0.9,-0.9,5.646649954313362
108,#6--7,#$\geq$3,#600--850,#$\geq$1200,0.1649881255862716,15.162801263552701,15.162801263552701,1.5678240989482046,93.53286000348322,3.0,2.0,4.394583063413332,0.7972752414551663,9.409339890995069,0.0,0.561603067689135,2.1,0.89,0.07,2.0,-1.1,0.4,-0.4,5.0542670878509
109,#6--7,#$\geq$3,#$\geq$850,#850--1700,0.25886067979915023,6.635526128529548,6.635526128529548,1.0822029760088026,37.595276172071905,0.5,1.0,2.710006851379256,0.7972752414551663,1.9959205829383477,0.6660383597675809,0.4662850929891989,0.0,0.41,0.05,1.2,-0.1,0.2,-0.2,13.271052257059097
110,#6--7,#$\geq$3,#$\geq$850,#$\geq$1700,0.08533868564807151,1.1890816199061152,1.1890816199061152,0.33956392790600165,12.26253429319728,0.2,1.0,0.6660733002755239,0.2657584138183888,0.1425657559241677,0.0,0.11468414988803458,0.0,0.16,0.02,1.9,-0.0,0.1,-0.1,5.945408099530575
111,#8--9,#0,#300--350,#600--1200,0.002844622854935717,577.0442534036033,577.0442534036033,203.92066567110095,8.007478116392845,258.0,245.0,491.51034924641135,4.25213462109422,17.963285246445132,32.63587962861146,30.682604661041026,139.5,60.0,58.0,31.0,-31.0,30.0,-30.0,2.2366056333472994
112,#8--9,#0,#300--350,#$\geq$1200,0.0,207.5086416507553,207.5086416507553,36.75991524887562,31.8656933243618,113.0,88.0,180.35255194634152,0.5315168276367775,3.7067096540283604,11.322652116048875,11.595211106699734,31.0,25.1,57.0,29.0,-29.0,25.0,-25.0,1.836359660626153
113,#8--9,#0,#350--600,#600--1200,0.002844622854935717,849.5372326357004,849.5372326357004,209.0461173804332,16.51507777481634,289.0,280.0,728.8218821846949,3.189100965820665,18.961245537914305,49.286838622800985,49.27816532446953,136.1,123.0,30.0,19.0,-19.0,20.0,-20.0,2.9395751994314896
114,#8--9,#0,#350--600,#$\geq$1200,0.014223114274678586,188.62659174095657,188.62659174095657,21.49136755528258,77.03316323603725,129.0,104.0,134.20052000443914,0.2657584138183888,6.985722040284218,21.979265872330167,25.19532541008465,49.9,52.2,27.0,16.0,-16.0,13.0,-13.0,1.462221641402764
115,#8--9,#0,#600--850,#600--1200,0.005689245709871434,31.230135185083068,31.230135185083068,4.749003312810445,43.245685261549845,20.9,28.0,22.750664418477616,0.0,0.5702630236966708,3.3301917988379044,4.579015944070875,6.6,13.9,0.37,3.5,-2.9,1.5,-1.5,1.4942648413915345
116,#8--9,#0,#600--850,#$\geq$1200,0.011378491419742868,31.36438415072222,31.36438415072222,3.3858225988292197,85.81142818831971,19.7,22.0,20.054474887332994,0.0,1.1405260473933416,2.6641534390703234,7.505229776925563,6.1,12.9,0.79,3.0,-3.0,1.6,-1.6,1.5921007183107727
117,#8--9,#0,#$\geq$850,#850--1700,0.011378491419742868,10.858136293980458,10.858136293980458,1.4403520028353942,56.82942943224436,5.3,2.0,7.6522866369555675,0.0,0.0,1.3320767195351617,1.8737729374897292,1.1,4.1,0.06,1.9,-1.3,0.6,-0.6,2.0487049611283883
118,#8--9,#0,#$\geq$850,#$\geq$1700,0.005689245709871434,6.298106759259139,6.298106759259139,1.0132045019819929,38.63899434471948,3.7,1.0,3.5897250329803443,0.0,0.0,1.3320767195351617,1.3763050067436329,1.5,2.2,0.02,1.8,-1.1,0.3,-0.3,1.7021910160159834
119,#8--9,#1,#300--350,#600--1200,0.0170677371296143,292.56927994946784,292.56927994946784,38.673700511952866,57.230295222556144,247.0,229.0,120.5164960379199,20.729156277834324,133.01385027724848,9.990575396513712,8.319201959951464,183.0,37.0,27.0,18.0,-18.0,17.0,-17.0,1.1844910119411654
120,#8--9,#1,#300--350,#$\geq$1200,0.00853386856480715,118.20293364313869,118.20293364313869,15.475612320293711,58.339248074266614,82.0,68.0,67.82783758740122,5.846685104004553,35.21374171326942,5.994345237908227,3.3203240005552805,43.8,13.8,24.0,13.0,-13.0,11.0,-11.0,1.4414991907699841
121,#8--9,#1,#350--600,#600--1200,0.08533868564807151,728.0277722311941,728.0277722311941,277.81421033178765,6.867315191612637,262.0,224.0,541.1983970323442,23.6524988298366,133.7266790568693,14.652843914886779,14.797353397257154,176.0,75.0,10.9,13.0,-13.0,22.0,-22.0,2.7787319550808935
122,#8--9,#1,#350--600,#$\geq$1200,0.09387255421287866,175.82991896113606,175.82991896113606,24.700238495450407,50.673774979161834,107.8,90.0,100.670402857004,5.846685104004553,51.181106376776206,9.324537036746133,8.80718758660515,68.4,29.5,9.8,8.5,-8.5,9.3,-9.3,1.631075315038368
123,#8--9,#1,#600--850,#600--1200,0.07111557137339293,15.91047718894747,15.91047718894747,2.0576899463618843,59.78696934037747,12.2,7.0,7.705232551026531,0.2657584138183888,4.5621041895733665,1.9981150793027425,1.3792669552264412,3.4,8.7,0.1,2.3,-2.3,2.4,-2.4,1.304137474503891
124,#8--9,#1,#600--850,#$\geq$1200,0.130852651327043,23.287537898447102,23.287537898447102,2.3365685520614012,99.33220929538534,16.7,15.0,8.831163360615676,0.2657584138183888,7.983682331753391,3.996230158605485,2.210703633654159,8.3,8.1,0.31,3.2,-2.6,2.3,-2.3,1.3944633472124013
125,#8--9,#1,#$\geq$850,#850--1700,0.11094029134249296,5.812492273384043,5.812492273384043,0.9521565658416158,37.26559365336879,2.1,2.0,4.038087885464956,0.2657584138183888,0.8553945355450062,0.0,0.6532514385556935,0.0,2.08,0.05,1.5,-0.6,0.6,-0.6,2.767853463516211
126,#8--9,#1,#$\geq$850,#$\geq$1700,0.12231878276223583,4.446188739634524,4.446188739634524,0.6782283113074211,42.97579899446894,2.4,2.0,2.485342685509978,0.0,1.4256575592416771,0.0,0.5351884948828686,1.0,1.35,0.02,1.5,-0.8,0.4,-0.4,1.852578641514385
127,#8--9,#2,#300--350,#600--1200,0.0341354742592286,348.1149193435205,348.1149193435205,20.42761087452077,290.4090326339004,190.0,193.0,30.182954944817936,41.98982938330543,269.87697596444946,1.9981150793027425,4.0670439716449085,169.0,11.0,9.5,12.0,-12.0,7.0,-7.0,1.832183786018529
128,#8--9,#2,#300--350,#$\geq$1200,0.031290851404292885,111.91710095609938,111.91710095609938,6.234278645308626,322.2704495174649,44.6,53.0,24.63605272004045,9.567302897461996,74.84702186018805,1.3320767195351617,1.5346467588737236,28.9,5.5,10.1,6.8,-6.8,4.8,-4.8,2.5093520393744253
129,#8--9,#2,#350--600,#600--1200,0.19343435413562876,552.9624621785086,552.9624621785086,195.7858122399354,7.976802993264732,174.0,158.0,233.62214401138746,36.94041952075604,266.74052933411775,9.324537036746133,6.334832275501199,146.0,23.1,4.5,11.0,-11.0,9.0,-9.0,3.1779451849339577
130,#8--9,#2,#350--600,#$\geq$1200,0.3612671025768361,156.28852890599546,156.28852890599546,5.983797659268168,682.1822381309495,58.0,74.0,21.558873840965024,9.035786069825217,118.3295774170592,3.996230158605485,3.3680614195405263,42.9,11.0,4.1,6.1,-5.5,4.4,-4.4,2.6946298087240597
131,#8--9,#2,#600--850,#600--1200,0.2019682227004359,26.482668879837448,26.482668879837448,13.60234356088865,3.7904958129878823,6.2,7.0,17.149802297074043,1.5945504829103325,7.128287796208385,0.0,0.6100283036446896,3.6,2.52,0.09,2.5,-1.6,0.9,-0.9,4.271398206425395
132,#8--9,#2,#600--850,#$\geq$1200,0.3356654968824146,22.967350720131297,22.967350720131297,2.0911815095299855,120.62528271850877,10.4,9.0,3.9887418490775324,2.12606731054711,14.826838616113442,1.3320767195351617,0.6936262248580507,8.0,2.3,0.08,3.0,-2.3,0.9,-0.9,2.208399107704932
133,#8--9,#2,#$\geq$850,#850--1700,0.321442382607736,7.500355529773993,7.500355529773993,1.7533651050712344,18.29864712312339,1.7,0.0,3.6463099867556883,1.328792069091944,2.2810520947866832,0.0,0.24420137913967727,0.7,0.96,0.05,1.6,-0.7,0.3,-0.3,4.411973841043525
134,#8--9,#2,#$\geq$850,#$\geq$1700,0.20765746841030736,2.686413728990058,2.686413728990058,0.5887284321907894,20.82168040137249,2.9,2.0,0.6986250807551387,0.5315168276367775,1.2830918033175094,0.0,0.17318001728063243,2.5,0.4,0.02,3.4,-1.7,0.2,-0.2,0.9263495617207097
135,#8--9,#$\geq$3,#300--350,#600--1200,0.00853386856480715,165.95682623299805,165.95682623299805,5.3542259354497075,960.7200506051853,54.3,57.0,1.4527554583574886,19.931881036379156,142.1380586563952,1.3320767195351617,1.1020543623310564,46.8,3.8,3.7,6.3,-6.3,2.9,-2.9,3.0562951424124876
136,#8--9,#$\geq$3,#300--350,#$\geq$1200,0.0170677371296143,57.158798499626585,57.158798499626585,3.8439872900951415,221.10690032151794,22.2,17.0,8.3726434760924,6.112443517822942,42.34202950947781,0.0,0.3316819962334253,17.3,1.26,3.6,4.4,-3.8,1.8,-1.8,2.5747206531363327
137,#8--9,#$\geq$3,#350--600,#600--1200,0.0654263256635215,198.51263430275426,198.51263430275426,24.015116311841528,68.32929130965671,53.2,36.0,50.23775000046821,14.88247117382977,132.15845574170345,0.0,1.2339573867528593,44.4,7.5,1.31,5.7,-5.7,4.7,-4.7,3.731440494412674
138,#8--9,#$\geq$3,#350--600,#$\geq$1200,0.08533868564807151,72.6144397522873,72.6144397522873,3.8161411390186606,362.0738206164012,19.2,23.0,6.939020025791199,2.9233425520022767,62.158669582937115,0.0,0.5934075915567095,15.2,2.8,1.17,3.3,-3.3,1.8,-1.8,3.78200207043163
139,#8--9,#$\geq$3,#600--850,#600--1200,0.031290851404292885,5.4751686346422135,5.4751686346422135,0.9753737162352424,31.510326502840726,0.9,2.0,0.3110645194309262,1.063033655273555,3.9918411658766955,0.0,0.1092292940610369,0.0,0.88,0.04,1.7,-0.1,0.5,-0.5,6.083520705158015
140,#8--9,#$\geq$3,#600--850,#$\geq$1200,0.15360963416652873,9.412137492659385,9.412137492659385,1.3434899630360637,49.08035247221396,3.6,2.0,1.0655771578591402,0.5315168276367775,6.985722040284218,0.6660383597675809,0.16328310711166777,2.7,0.83,0.05,2.2,-1.3,0.5,-0.5,2.614482636849829
141,#8--9,#$\geq$3,#$\geq$850,#850--1700,0.09956179992275009,1.6310111544860881,1.6310111544860881,0.5392843583726357,9.146990211965818,1.1,0.0,0.6471315527677999,0.2657584138183888,0.7128287796208386,0.0,0.005292408279060864,0.8,0.18,0.05,2.0,-0.7,0.1,-0.1,1.4827374131691708
142,#8--9,#$\geq$3,#$\geq$850,#$\geq$1700,0.07396019422832864,0.9254289030461971,0.9254289030461971,0.3087798307381678,8.982314746151479,0.2,0.0,0.32038056325017544,0.0,0.5702630236966708,0.0,0.03478531609935072,0.0,0.14,0.02,1.8,-0.1,0.1,-0.1,4.627144515230985
143,#$\geq$10,#0,#300--350,#600--1200,0.0,16.650356331452073,16.650356331452073,13.49130017209445,1.5231387044546199,16.4,17.0,13.758366983541634,0.2657584138183888,0.5702630236966708,1.3320767195351617,0.7238911908602199,5.7,2.9,7.8,5.0,-5.0,3.8,-3.3,1.0152656299665899
144,#$\geq$10,#0,#300--350,#$\geq$1200,0.0,16.101634190074446,16.101634190074446,3.72902193841901,18.644469674486356,20.8,20.0,14.00662259512745,0.0,0.9979602914691739,0.0,1.097051303477822,5.7,2.5,12.6,7.0,-6.7,5.4,-5.4,0.7741170283689637
145,#$\geq$10,#0,#350--600,#600--1200,0.0,11.398411155352273,11.398411155352273,3.009648412056331,14.343565093235139,13.6,12.0,4.669330894503392,0.5315168276367775,0.7128287796208386,3.3301917988379044,2.1545428547533607,6.0,4.2,3.3,3.4,-2.8,1.6,-1.6,0.8381184673053141
146,#$\geq$10,#0,#350--600,#$\geq$1200,0.0,20.066944410609224,20.066944410609224,3.2855350088720363,37.30356145601424,23.2,21.0,11.929608441320452,0.5315168276367775,1.2830918033175094,3.3301917988379044,2.992535539496584,10.7,6.5,6.0,4.7,-4.2,2.8,-2.8,0.8649545004572942
147,#$\geq$10,#0,#600--850,#600--1200,0.002844622854935717,0.6784180926887098,0.6784180926887098,0.3647417195057142,3.4595846444883516,0.63,2.0,0.3110645194309262,0.0,0.1425657559241677,0.0,0.2247878173336159,0.19,0.36,0.07,0.95,-0.35,0.05,-0.05,1.0768541153789044
148,#$\geq$10,#0,#600--850,#$\geq$1200,0.0,19.951710845417065,19.951710845417065,13.630188926314945,2.142676137448281,3.6,6.0,19.253567649335018,0.0,0.0,0.0,0.698143196082047,2.0,1.5,0.15,2.0,-1.2,0.2,-0.2,5.54214190150474
149,#$\geq$10,#0,#$\geq$850,#850--1700,0.0,0.058314169306487806,0.058314169306487806,0.038693176027960685,2.2713257714327306,0.0,0.0,0.0,0.0,0.0,0.0,0.058314169306487806,0.0,0.0,0.05,2.4,-0.0,0.0,-0.0,
150,#$\geq$10,#0,#$\geq$850,#$\geq$1700,0.0,0.7004328486473151,0.7004328486473151,0.15387087676547478,20.721450546497106,0.4,2.0,0.5388145539376601,0.0,0.0,0.0,0.16161829470965508,0.0,0.42,0.02,1.3,-0.3,0.1,-0.1,1.7510821216182877
151,#$\geq$10,#1,#300--350,#600--1200,0.0,9.063297994670135,9.063297994670135,1.173670824480139,59.63207220687171,20.4,22.0,0.0,0.7972752414551663,7.983682331753391,0.0,0.2823404214615789,15.2,1.24,4.0,4.0,-3.5,2.1,-2.1,0.44427931346422234
152,#$\geq$10,#1,#300--350,#$\geq$1200,0.0,20.30443499319162,20.30443499319162,3.022482175869204,45.128855652786626,19.2,18.0,8.998473290468553,1.5945504829103325,9.2667741350709,0.0,0.4446370847418364,11.2,1.05,6.9,4.8,-4.4,3.1,-3.1,1.057522655895397
153,#$\geq$10,#1,#350--600,#600--1200,0.011378491419742868,29.905840123370318,29.905840123370318,13.697019815274956,4.767161295369777,17.1,9.0,16.66387790025661,2.12606731054711,10.122168670615906,0.6660383597675809,0.32768788218311073,13.8,1.8,1.53,3.5,-2.9,1.5,-1.5,1.748879539378381
154,#$\geq$10,#1,#350--600,#$\geq$1200,0.011378491419742868,26.086443283279284,26.086443283279284,3.4844447393534432,56.048317114099966,21.5,32.0,10.503240871413013,2.12606731054711,11.975523497630087,0.6660383597675809,0.815573243921492,16.2,2.7,2.6,3.8,-3.2,2.3,-2.3,1.2133229434083388
155,#$\geq$10,#1,#600--850,#600--1200,0.005689245709871434,0.2851315118483354,0.2851315118483354,0.2016184255579304,2.0,0.2,0.0,0.0,0.0,0.2851315118483354,0.0,0.0,0.0,0.15,0.04,3.6,-0.1,0.1,-0.1,1.425657559241677
156,#$\geq$10,#1,#600--850,#$\geq$1200,0.022756982839485736,3.553225033934208,3.553225033934208,0.7685902744569739,21.372516303137292,2.0,3.0,1.5258955020461575,0.0,1.8533548270141802,0.0,0.1739747048738703,1.3,0.61,0.06,1.4,-0.8,0.5,-0.4,1.776612516967104
157,#$\geq$10,#1,#$\geq$850,#850--1700,0.011378491419742868,0.14692328380927244,0.14692328380927244,0.08338415084717764,3.1046613282369324,0.0,0.0,0.14522764775222366,0.0,0.0,0.0,0.0016956360570487762,0.0,0.0,0.05,3.2,-0.0,0.0,-0.0,
158,#$\geq$10,#1,#$\geq$850,#$\geq$1700,0.0170677371296143,0.8869678336826647,0.8869678336826647,0.27722487443630256,10.236496671497669,0.9,1.0,0.391806569984338,0.0,0.4276972677725031,0.0,0.06746399592582358,0.7,0.18,0.03,1.6,-0.6,0.1,-0.1,0.9855198152029608
159,#$\geq$10,#2,#300--350,#600--1200,0.00853386856480715,23.62170432875108,23.62170432875108,1.9809637515356648,142.19011350957678,15.5,15.0,0.0,4.517893034912609,19.103811293838472,0.0,0.0,13.1,0.38,2.1,3.5,-3.0,1.1,-0.8,1.5239809244355536
160,#$\geq$10,#2,#300--350,#$\geq$1200,0.014223114274678586,31.777271170142154,31.777271170142154,2.6772989226495447,140.87679852756418,14.4,11.0,3.12158483772059,3.189100965820665,24.663875774881014,0.6660383597675809,0.13667123195230493,10.8,0.33,3.3,3.5,-3.0,1.5,-1.5,2.2067549423709827
161,#$\geq$10,#2,#350--600,#600--1200,0.00853386856480715,36.584175770244336,36.584175770244336,13.592639821346754,7.244008175010447,19.5,11.0,13.758366983541634,2.12606731054711,19.674074317535144,0.6660383597675809,0.35962879885286325,18.2,0.55,0.77,3.5,-3.5,0.7,-0.7,1.876111577961248
162,#$\geq$10,#2,#350--600,#$\geq$1200,0.05973707995365006,54.682285593176985,54.682285593176985,13.819329723205282,15.65738964752149,15.7,12.0,19.010850272322937,2.9233425520022767,32.2198608388619,0.0,0.5282319299898739,13.7,0.85,1.15,3.3,-2.7,1.0,-1.0,3.482948126953948
163,#$\geq$10,#2,#600--850,#600--1200,0.005689245709871434,1.8937819696347278,1.8937819696347278,0.6611716896970347,8.204109642030119,1.7,0.0,0.6221290388618524,0.5315168276367775,0.7128287796208386,0.0,0.027307323515259226,1.6,0.05,0.04,2.2,-1.2,0.1,-0.0,1.1139893939027812
164,#$\geq$10,#2,#600--850,#$\geq$1200,0.1166295370523644,4.6399370331385965,4.6399370331385965,0.8941027626031548,26.930802834110025,1.2,0.0,0.8898931882265382,0.5315168276367775,3.1364466303316894,0.0,0.08208038694359096,0.9,0.19,0.06,1.2,-0.6,0.2,-0.2,3.866614194282164
165,#$\geq$10,#2,#$\geq$850,#850--1700,0.05973707995365006,0.19323010351562067,0.19323010351562067,0.1467202688742669,1.7344801926474698,0.0,0.0,0.0489687115344042,0.0,0.1425657559241677,0.0,0.0016956360570487762,0.0,0.0,0.05,2.4,-0.0,0.0,-0.0,
166,#$\geq$10,#2,#$\geq$850,#$\geq$1700,0.05689245709871434,0.49523248968262873,0.49523248968262873,0.3037016227791885,2.6590348698310557,0.1,0.0,0.06728097830020324,0.2657584138183888,0.1425657559241677,0.0,0.019627341639869,0.0,0.05,0.02,1.5,-0.0,0.1,-0.0,4.952324896826287
167,#$\geq$10,#$\geq$3,#300--350,#600--1200,0.002844622854935717,14.9738339504636,14.9738339504636,1.5020891117873176,99.37442516382167,7.2,13.0,0.0,1.063033655273555,13.828878324644267,0.0,0.08192197054577768,6.4,0.36,0.46,2.4,-1.8,0.4,-0.4,2.0796991597866112
168,#$\geq$10,#$\geq$3,#300--350,#$\geq$1200,0.005689245709871434,21.966862326202477,21.966862326202477,1.863940555854718,138.89030787183341,5.6,5.0,1.08008936866544,2.391825724365499,18.390982514217633,0.0,0.10396471895390405,3.8,0.31,1.5,2.3,-1.7,0.7,-0.7,3.9226539868218713
169,#$\geq$10,#$\geq$3,#350--600,#600--1200,0.014223114274678586,16.644392511253,16.644392511253,1.7112108141554765,94.60821866816129,2.2,3.0,0.3110645194309262,1.328792069091944,14.25657559241677,0.6660383597675809,0.08192197054577768,1.6,0.52,0.11,1.6,-0.9,0.6,-0.5,7.565632959660453
170,#$\geq$10,#$\geq$3,#350--600,#$\geq$1200,0.022756982839485736,28.447121388777642,28.447121388777642,2.108021602263881,182.1069571879027,5.7,9.0,1.345979062374553,2.9233425520022767,24.09361275118434,0.0,0.08418702321646881,4.2,0.81,0.71,2.1,-1.5,0.9,-0.8,4.990723050662744
171,#$\geq$10,#$\geq$3,#600--850,#600--1200,0.005689245709871434,0.2851315118483354,0.2851315118483354,0.2016184255579304,2.0,0.1,0.0,0.0,0.0,0.2851315118483354,0.0,0.0,0.0,0.05,0.04,3.0,-0.1,0.1,-0.0,2.851315118483354
172,#$\geq$10,#$\geq$3,#600--850,#$\geq$1200,0.042669342824035755,4.080366107608024,4.080366107608024,0.785115059675023,27.010439286164925,0.2,1.0,0.5035823918665652,0.0,3.5641438981041924,0.0,0.01263981763726708,0.0,0.18,0.04,1.4,-0.1,0.2,-0.2,20.40183053804012
173,#$\geq$10,#$\geq$3,#$\geq$850,#850--1700,0.014223114274678586,0.16987307943942692,0.16987307943942692,0.14515744789640106,1.3695265985306702,0.0,0.0,0.0,0.0,0.1425657559241677,0.0,0.027307323515259226,0.0,0.0,0.05,2.0,-0.0,0.0,-0.0,
174,#$\geq$10,#$\geq$3,#$\geq$850,#$\geq$1700,0.0341354742592286,0.3043220477526113,0.3043220477526113,0.20172083157469514,2.2759637232474876,0.1,0.0,0.007680968860538783,0.0,0.2851315118483354,0.0,0.011509567043737137,0.0,0.05,0.02,1.3,-0.0,0.1,-0.0,3.0432204775261127
