bin,Njets,Nbjets,MHT,HT,local_background_before,local_background_after,paper_background,before_over_paper,after_over_paper
1,#2--3,#0,#300--350,#300--600,3845207.2486347845,5248181.084032054,129800.0,29.624092824613133,40.43282807420689
2,#2--3,#0,#300--350,#600--1200,27727.650931523953,73150.7982944293,8060.0,3.4401552024223268,9.075781426107854
3,#2--3,#0,#300--350,#$\geq$1200,886.2501908474995,2893.055834852208,552.0,1.6055257080570644,5.241043179080087
4,#2--3,#0,#350--600,#350--600,811499.1534338426,3018350.863818022,104900.0,7.735930919293065,28.773602133632238
5,#2--3,#0,#350--600,#600--1200,82032.21645207837,137558.9755307904,20100.0,4.081204798610864,6.84373012590997
6,#2--3,#0,#350--600,#$\geq$1200,1658.4996383723515,4752.564991680671,997.0,1.6634901086984468,4.7668655884460085
7,#2--3,#0,#600--850,#600--1200,178411.94217711006,273003.84621948027,7520.0,23.72499231078591,36.30370295471812
8,#2--3,#0,#600--850,#$\geq$1200,388.4931382198569,1067.4792819632685,293.0,1.3259151475080442,3.6432739998746366
9,#2--3,#0,#$\geq$850,#850--1700,159161.79860561684,6267.842191205542,1205.0,132.0844801706364,5.201528789382192
10,#2--3,#0,#$\geq$850,#$\geq$1700,155581.43449850223,205800.14808750642,50.7,3068.6673471104973,4059.1745184912506
11,#2--3,#1,#300--350,#300--600,159655.44824692883,276170.7841286777,15800.0,10.104775205501825,17.479163552447954
12,#2--3,#1,#300--350,#600--1200,4601.6936657908145,15909.057063202928,1150.0,4.001472752861578,13.83396266365472
13,#2--3,#1,#300--350,#$\geq$1200,145.5778420383833,763.914418064578,84.0,1.7330695480759917,9.094219262673548
14,#2--3,#1,#350--600,#350--600,249296.28141831292,156227.44800306676,11900.0,20.949267346076716,13.128356975047627
15,#2--3,#1,#350--600,#600--1200,10099.00627523966,28914.400836384473,2590.0,3.8992302221002553,11.163861326789371
16,#2--3,#1,#350--600,#$\geq$1200,288.7383526160782,1030.8138925669377,132.0,2.1874117622430167,7.809196155810135
17,#2--3,#1,#600--850,#600--1200,158870.37654556657,6589.593445241393,880.0,180.5345188017802,7.4881743695924925
18,#2--3,#1,#600--850,#$\geq$1200,61.93791099465406,233.60133124277303,32.3,1.91758238373542,7.232239357361395
19,#2--3,#1,#$\geq$850,#850--1700,548.7737892071593,1838.9679251665166,133.0,4.126118715843303,13.826826505011402
20,#2--3,#1,#$\geq$850,#$\geq$1700,19.149860468067516,1018.5808147664902,6.0,3.191643411344586,169.76346912774838
21,#2--3,#$\geq$2,#300--350,#300--600,17568.276907333922,42250.71687630489,1710.0,10.273846144639721,24.70802156509058
22,#2--3,#$\geq$2,#300--350,#600--1200,523.5280373785099,3089.0150924785444,186.0,2.8146668676263973,16.607608024078196
23,#2--3,#$\geq$2,#300--350,#$\geq$1200,10.670645951064866,101.4341499727481,10.2,1.0461417599083203,9.944524507132167
24,#2--3,#$\geq$2,#350--600,#350--600,10214.809008835946,23239.541105763892,1190.0,8.583873116668862,19.52902613929739
25,#2--3,#$\geq$2,#350--600,#600--1200,788.4742776111007,4652.9135262875325,373.0,2.113872057938608,12.4742989980899
26,#2--3,#$\geq$2,#350--600,#$\geq$1200,16.0675451772845,153.89416396089226,17.5,0.9181454387019715,8.7939522263367
27,#2--3,#$\geq$2,#600--850,#600--1200,978.7203986013214,1954.486083143802,89.0,10.996858411250804,21.960517788132606
28,#2--3,#$\geq$2,#600--850,#$\geq$1200,6.334995695721517,44.43117040977539,3.4,1.8632340281533875,13.067991296992762
29,#2--3,#$\geq$2,#$\geq$850,#850--1700,46.30434679584242,133.11468845309435,12.6,3.674948158400192,10.564657813737647
30,#2--3,#$\geq$2,#$\geq$850,#$\geq$1700,1.1197221018945012,11.689544096246669,0.7,1.5996030027064303,16.699348708923814
31,#4--5,#0,#300--350,#300--600,1059299.212425416,1474716.3776477932,23280.0,45.502543489064266,63.34692343847909
32,#4--5,#0,#300--350,#600--1200,38383.578662134205,59862.231444863726,7440.0,5.159083153512662,8.045998850116092
33,#4--5,#0,#300--350,#$\geq$1200,1819.4022367158666,3366.296106846451,760.0,2.3939503114682457,4.429336982692699
34,#4--5,#0,#350--600,#350--600,113981.03924632279,143333.09329984678,16820.0,6.776518385631557,8.521586997612768
35,#4--5,#0,#350--600,#600--1200,59434.75339561421,88034.46602119695,13870.0,4.285130021313209,6.347113628060342
36,#4--5,#0,#350--600,#$\geq$1200,3183.5439503142575,5372.725143913329,1148.0,2.773121907939249,4.680074167171889
37,#4--5,#0,#600--850,#600--1200,7010.710261288844,9695.410068588404,2025.0,3.462079141377207,4.787856823994273
38,#4--5,#0,#600--850,#$\geq$1200,661.997224437578,1129.6992328286303,299.0,2.21403753992501,3.7782583037746833
39,#4--5,#0,#$\geq$850,#850--1700,1263.4634072762487,1783.7870129191092,393.0,3.214919611389946,4.538898251702568
40,#4--5,#0,#$\geq$850,#$\geq$1700,113.62296687647634,182.68602220535286,44.6,2.547600154181084,4.096099152586387
41,#4--5,#1,#300--350,#300--600,59111.14892824602,69507.32452056151,7290.0,8.108525230212074,9.534612417086628
42,#4--5,#1,#300--350,#600--1200,12615.940591275838,20589.08572005909,2500.0,5.046376236510335,8.235634288023636
43,#4--5,#1,#300--350,#$\geq$1200,664.2165029500878,1216.4618173717054,255.0,2.604770599804266,4.770438499496883
44,#4--5,#1,#350--600,#350--600,29158.707094812708,39611.087078392884,4460.0,6.537826702872804,8.881409658832485
45,#4--5,#1,#350--600,#600--1200,16992.348193287267,27232.096507080594,3780.0,4.495330209864356,7.204258335206506
46,#4--5,#1,#350--600,#$\geq$1200,930.0153164959702,1785.7721713372607,305.0,3.049230545888427,5.854990725695937
47,#4--5,#1,#600--850,#600--1200,1861.818586678945,2668.619847240256,441.0,4.221810854147267,6.051292170612825
48,#4--5,#1,#600--850,#$\geq$1200,180.99689144227955,330.8660741338813,72.5,2.496508847479718,4.563669988053535
49,#4--5,#1,#$\geq$850,#850--1700,320.010899608658,474.484972096095,82.0,3.9025719464470487,5.786402098732866
50,#4--5,#1,#$\geq$850,#$\geq$1700,49.20242275273607,61.26086197694395,9.4,5.234300292844263,6.517112976270632
51,#4--5,#2,#300--350,#300--600,17535.568134416277,22908.59807350142,2340.0,7.493832536075332,9.789999176710008
52,#4--5,#2,#300--350,#600--1200,4083.9735529716486,6756.7123343282965,902.0,4.5276868658222265,7.490811900585695
53,#4--5,#2,#300--350,#$\geq$1200,209.5321062647813,517.8581293058868,70.0,2.99331580378259,7.397973275798383
54,#4--5,#2,#350--600,#350--600,7492.846888056771,10970.599178584695,1218.0,6.151762633872554,9.007060080939814
55,#4--5,#2,#350--600,#600--1200,5029.605459143929,10395.815638597078,1141.0,4.408067887067422,9.111144293248973
56,#4--5,#2,#350--600,#$\geq$1200,287.2276924462694,668.664638687574,85.0,3.3791493228972866,7.8666428080891055
57,#4--5,#2,#600--850,#600--1200,1097.9527309937023,1561.9280461348949,93.1,11.793262416688533,16.7768855653587
58,#4--5,#2,#600--850,#$\geq$1200,43.07699303794337,111.58338199329557,17.4,2.475689255054217,6.4128380455917
59,#4--5,#2,#$\geq$850,#850--1700,87.88748527948518,140.09409821417404,13.3,6.608081599961291,10.533390843170979
60,#4--5,#2,#$\geq$850,#$\geq$1700,9.86538858153566,33.99760817056942,1.5,6.576925721023773,22.66507211371295
61,#4--5,#$\geq$3,#300--350,#300--600,1792.824523671615,2974.930098755673,192.0,9.337627727456328,15.494427597685798
62,#4--5,#$\geq$3,#300--350,#600--1200,299.84625941251716,1121.8898710224312,99.0,3.0287500950759307,11.332220919418496
63,#4--5,#$\geq$3,#300--350,#$\geq$1200,31.016612069704454,78.2010028917162,10.6,2.9260954782740054,7.377453102992095
64,#4--5,#$\geq$3,#350--600,#350--600,987.989045616726,1719.5371887110716,107.0,9.233542482399308,16.070441015991324
65,#4--5,#$\geq$3,#350--600,#600--1200,510.35032735376814,1592.6577455864403,125.0,4.082802618830145,12.741261964691523
66,#4--5,#$\geq$3,#350--600,#$\geq$1200,28.970094151585702,101.78650667225503,9.3,3.1150638872672793,10.944785663683335
67,#4--5,#$\geq$3,#600--850,#600--1200,58.685770676582045,110.59984791199125,6.3,9.315201694695563,17.555531414601784
68,#4--5,#$\geq$3,#600--850,#$\geq$1200,6.171766146032752,20.628835220466303,0.9,6.857517940036391,22.920928022740338
69,#4--5,#$\geq$3,#$\geq$850,#850--1700,7.683514554190111,17.690720162399618,1.2,6.402928795158426,14.742266801999682
70,#4--5,#$\geq$3,#$\geq$850,#$\geq$1700,1.1347751325067792,2.7418056602201073,0.2,5.673875662533896,13.709028301100536
71,#6--7,#0,#300--350,#300--600,10794.91934335261,12465.745065183233,1590.0,6.78925744864944,7.840091235964298
72,#6--7,#0,#300--350,#600--1200,10300.56135734255,13291.482776784282,2110.0,4.8817826338116355,6.299280936864588
73,#6--7,#0,#300--350,#$\geq$1200,887.3097117515526,1246.0996600373323,410.0,2.1641700286623236,3.0392674635056887
74,#6--7,#0,#350--600,#350--600,4182.556510339411,4799.737389543971,901.0,4.642127092496572,5.3271225189167275
75,#6--7,#0,#350--600,#600--1200,11410.201963203599,14207.64926823519,2890.0,3.948166769274602,4.9161416153062945
76,#6--7,#0,#350--600,#$\geq$1200,1176.9810593420736,1753.9311741936049,547.0,2.151702119455345,3.2064555286903196
77,#6--7,#0,#600--850,#600--1200,724.7889470465545,946.3002958423419,259.0,2.79841292295967,3.6536690959163782
78,#6--7,#0,#600--850,#$\geq$1200,250.13719326194993,357.37698456968394,104.8,2.3868052792170795,3.410085730626755
79,#6--7,#0,#$\geq$850,#850--1700,171.27460730275925,215.71669423259127,53.8,3.1835428866683877,4.009603982018425
80,#6--7,#0,#$\geq$850,#$\geq$1700,38.50832591176204,59.521049233647325,17.0,2.2651956418683556,3.5012381902145484
81,#6--7,#1,#300--350,#300--600,3191.2082230968113,3437.8076274116947,965.0,3.306951526525193,3.562494950685694
82,#6--7,#1,#300--350,#600--1200,3639.235505421329,5831.5522681379425,1355.0,2.6857826608275492,4.3037286111719135
83,#6--7,#1,#300--350,#$\geq$1200,473.42157567631705,767.141650562334,201.0,2.3553312222702343,3.816625127175791
84,#6--7,#1,#350--600,#350--600,1893.404259126823,2203.501565774168,429.0,4.413529741554366,5.136367286186871
85,#6--7,#1,#350--600,#600--1200,4350.409098151164,5482.634365219087,1614.0,2.695420754740498,3.3969233985248373
86,#6--7,#1,#350--600,#$\geq$1200,711.1626302817209,1036.8115768293433,268.0,2.653591904036272,3.8686999135423257
87,#6--7,#1,#600--850,#600--1200,299.77368098383545,339.9687076921599,95.0,3.1555124314087943,3.5786179757069463
88,#6--7,#1,#600--850,#$\geq$1200,122.55783710654404,180.3178377224921,50.9,2.4078160531737534,3.5425901320725366
89,#6--7,#1,#$\geq$850,#850--1700,64.88446975293823,88.85437211379063,19.4,3.344560296543208,4.580122273906734
90,#6--7,#1,#$\geq$850,#$\geq$1700,16.93645425104554,27.92735962591111,5.9,2.870585466278905,4.73345078405273
91,#6--7,#2,#300--350,#300--600,1657.884434167571,2364.015393019659,450.0,3.6841876314834914,5.253367540043686
92,#6--7,#2,#300--350,#600--1200,2765.955374298243,3922.625240378808,803.0,3.4445272407201033,4.8849629394505705
93,#6--7,#2,#300--350,#$\geq$1200,241.42116538426384,432.40533017988787,76.0,3.1765942813718926,5.6895438181564195
94,#6--7,#2,#350--600,#350--600,752.0235183961609,883.1750375188924,165.0,4.5577182933100655,5.352575984962984
95,#6--7,#2,#350--600,#600--1200,2889.472421005728,4191.538572737496,809.0,3.571659358474324,5.181135442197152
96,#6--7,#2,#350--600,#$\geq$1200,385.21825955576674,712.4859062656177,96.9,3.9754206352504307,7.352795730295332
97,#6--7,#2,#600--850,#600--1200,181.39277295829214,236.8773373686621,35.2,5.153203777224208,6.729469811609718
98,#6--7,#2,#600--850,#$\geq$1200,58.87748062307416,103.96505690932764,14.5,4.060515905039598,7.170003924781216
99,#6--7,#2,#$\geq$850,#850--1700,31.08554654419232,44.90051945854976,4.8,6.476155530040066,9.354274887197867
100,#6--7,#2,#$\geq$850,#$\geq$1700,5.982416146656522,14.26202721699213,1.7,3.5190683215626604,8.389427774701254
101,#6--7,#$\geq$3,#300--350,#300--600,604.6245860934573,720.9830681615402,78.0,7.751597257608427,9.243372668737695
102,#6--7,#$\geq$3,#300--350,#600--1200,597.1530407560153,1264.1961844623568,154.0,3.8776171477663333,8.209066132872447
103,#6--7,#$\geq$3,#300--350,#$\geq$1200,89.48132373459805,169.89774909655156,21.1,4.240821030075737,8.05202602353325
104,#6--7,#$\geq$3,#350--600,#350--600,134.8113110019302,186.59786910717145,27.2,4.956298198600375,6.860215775998951
105,#6--7,#$\geq$3,#350--600,#600--1200,749.8841621027211,1135.296150511966,158.0,4.7461022917893745,7.1854186741263675
106,#6--7,#$\geq$3,#350--600,#$\geq$1200,110.76819134751766,215.08135855569282,20.2,5.483573829085032,10.647592007707566
107,#6--7,#$\geq$3,#600--850,#600--1200,35.57389471217418,52.57894350991006,6.3,5.646649954313362,8.345864049192073
108,#6--7,#$\geq$3,#600--850,#$\geq$1200,15.162801263552701,29.361289994927333,3.0,5.0542670878509,9.787096664975778
109,#6--7,#$\geq$3,#$\geq$850,#850--1700,6.635526128529548,9.9464117659787,0.5,13.271052257059097,19.8928235319574
110,#6--7,#$\geq$3,#$\geq$850,#$\geq$1700,1.1890816199061152,3.7267224486865573,0.2,5.945408099530575,18.633612243432786
111,#8--9,#0,#300--350,#600--1200,577.0442534036033,631.518148856623,258.0,2.2366056333472994,2.4477447630101667
112,#8--9,#0,#300--350,#$\geq$1200,207.5086416507553,257.8597918074257,113.0,1.836359660626153,2.2819450602427054
113,#8--9,#0,#350--600,#600--1200,849.5372326357004,1036.9117951076587,289.0,2.9395751994314896,3.5879300868777118
114,#8--9,#0,#350--600,#$\geq$1200,188.62659174095657,272.3972799006141,129.0,1.462221641402764,2.111606820934993
115,#8--9,#0,#600--850,#600--1200,31.230135185083068,55.70474719824964,20.9,1.4942648413915345,2.66529890900716
116,#8--9,#0,#600--850,#$\geq$1200,31.36438415072222,38.86717551244544,19.7,1.5921007183107727,1.9729530716977381
117,#8--9,#0,#$\geq$850,#850--1700,10.858136293980458,19.12169686308079,5.3,2.0487049611283883,3.607867332656753
118,#8--9,#0,#$\geq$850,#$\geq$1700,6.298106759259139,8.691401001227728,3.7,1.7021910160159834,2.3490272976291156
119,#8--9,#1,#300--350,#600--1200,292.56927994946784,384.47682605498755,247.0,1.1844910119411654,1.5565863403035933
120,#8--9,#1,#300--350,#$\geq$1200,118.20293364313869,158.59897575043857,82.0,1.4414991907699841,1.9341338506151045
121,#8--9,#1,#350--600,#600--1200,728.0277722311941,1017.264314203622,262.0,2.7787319550808935,3.882688222151229
122,#8--9,#1,#350--600,#$\geq$1200,175.82991896113606,229.71943386994462,107.8,1.631075315038368,2.1309780507416014
123,#8--9,#1,#600--850,#600--1200,15.91047718894747,19.41522336510574,12.2,1.304137474503891,1.5914117512381754
124,#8--9,#1,#600--850,#$\geq$1200,23.287537898447102,32.04431261703206,16.7,1.3944633472124013,1.918821114792339
125,#8--9,#1,#$\geq$850,#850--1700,5.812492273384043,7.4590036549442615,2.1,2.767853463516211,3.5519065023544103
126,#8--9,#1,#$\geq$850,#$\geq$1700,4.446188739634524,5.955474979487281,2.4,1.852578641514385,2.4814479081197005
127,#8--9,#2,#300--350,#600--1200,348.1149193435205,493.1500577329332,190.0,1.832183786018529,2.595526619647017
128,#8--9,#2,#300--350,#$\geq$1200,111.91710095609938,158.393259017089,44.6,2.5093520393744253,3.551418363611861
129,#8--9,#2,#350--600,#600--1200,552.9624621785086,627.1982352358849,174.0,3.1779451849339577,3.6045875588269247
130,#8--9,#2,#350--600,#$\geq$1200,156.28852890599546,254.4288669383125,58.0,2.6946298087240597,4.3867046023846985
131,#8--9,#2,#600--850,#600--1200,26.482668879837448,15.001780683991733,6.2,4.271398206425395,2.419642045805118
132,#8--9,#2,#600--850,#$\geq$1200,22.967350720131297,36.68220667004566,10.4,2.208399107704932,3.5271352567351593
133,#8--9,#2,#$\geq$850,#850--1700,7.500355529773993,8.085722554127745,1.7,4.411973841043525,4.756307384781026
134,#8--9,#2,#$\geq$850,#$\geq$1700,2.686413728990058,4.718440823066019,2.9,0.9263495617207097,1.6270485596779376
135,#8--9,#$\geq$3,#300--350,#600--1200,165.95682623299805,225.08584893188728,54.3,3.0562951424124876,4.145227420476746
136,#8--9,#$\geq$3,#300--350,#$\geq$1200,57.158798499626585,84.93111900203196,22.2,2.5747206531363327,3.8257260811726113
137,#8--9,#$\geq$3,#350--600,#600--1200,198.51263430275426,278.34202372653505,53.2,3.731440494412674,5.231992927190508
138,#8--9,#$\geq$3,#350--600,#$\geq$1200,72.6144397522873,120.37297451294545,19.2,3.78200207043163,6.269425755882575
139,#8--9,#$\geq$3,#600--850,#600--1200,5.4751686346422135,9.503851444313169,0.9,6.083520705158015,10.559834938125743
140,#8--9,#$\geq$3,#600--850,#$\geq$1200,9.412137492659385,17.463681299517663,3.6,2.614482636849829,4.8510225831993505
141,#8--9,#$\geq$3,#$\geq$850,#850--1700,1.6310111544860881,2.3274630623035044,1.1,1.4827374131691708,2.115875511185004
142,#8--9,#$\geq$3,#$\geq$850,#$\geq$1700,0.9254289030461971,2.3023666523845425,0.2,4.627144515230985,11.511833261922712
143,#$\geq$10,#0,#300--350,#600--1200,16.650356331452073,19.977885385811863,16.4,1.0152656299665899,1.218163743037309
144,#$\geq$10,#0,#300--350,#$\geq$1200,16.101634190074446,16.539587495749615,20.8,0.7741170283689637,0.795172475757193
145,#$\geq$10,#0,#350--600,#600--1200,11.398411155352273,7.85015494734437,13.6,0.8381184673053141,0.5772172755400272
146,#$\geq$10,#0,#350--600,#$\geq$1200,20.066944410609224,18.344809965107043,23.2,0.8649545004572942,0.7907245674615105
147,#$\geq$10,#0,#600--850,#600--1200,0.6784180926887098,0.5968397038382931,0.63,1.0768541153789044,0.947364609267132
148,#$\geq$10,#0,#600--850,#$\geq$1200,19.951710845417065,23.914069825130234,3.6,5.54214190150474,6.642797173647287
149,#$\geq$10,#0,#$\geq$850,#850--1700,0.058314169306487806,0.13768285060544427,0.0,nan,nan
150,#$\geq$10,#0,#$\geq$850,#$\geq$1700,0.7004328486473151,0.699501151696686,0.4,1.7510821216182877,1.748752879241715
151,#$\geq$10,#1,#300--350,#600--1200,9.063297994670135,9.341561682062665,20.4,0.44427931346422234,0.4579196902971895
152,#$\geq$10,#1,#300--350,#$\geq$1200,20.30443499319162,19.92838177542229,19.2,1.057522655895397,1.0379365508032443
153,#$\geq$10,#1,#350--600,#600--1200,29.905840123370318,29.955297106853585,17.1,1.748879539378381,1.7517717606347125
154,#$\geq$10,#1,#350--600,#$\geq$1200,26.086443283279284,26.495548342010764,21.5,1.2133229434083388,1.2323510856749194
155,#$\geq$10,#1,#600--850,#600--1200,0.2851315118483354,0.5985037878881658,0.2,1.425657559241677,2.992518939440829
156,#$\geq$10,#1,#600--850,#$\geq$1200,3.553225033934208,2.4199445040162697,2.0,1.776612516967104,1.2099722520081349
157,#$\geq$10,#1,#$\geq$850,#850--1700,0.14692328380927244,0.13278521243245106,0.0,nan,nan
158,#$\geq$10,#1,#$\geq$850,#$\geq$1700,0.8869678336826647,0.6909122667714979,0.9,0.9855198152029608,0.7676802964127754
159,#$\geq$10,#2,#300--350,#600--1200,23.62170432875108,25.15137495815305,15.5,1.5239809244355536,1.6226693521389064
160,#$\geq$10,#2,#300--350,#$\geq$1200,31.777271170142154,34.961726610290114,14.4,2.2067549423709827,2.4278976812701467
161,#$\geq$10,#2,#350--600,#600--1200,36.584175770244336,40.10172200810742,19.5,1.876111577961248,2.0564985645183294
162,#$\geq$10,#2,#350--600,#$\geq$1200,54.682285593176985,43.309046869653,15.7,3.482948126953948,2.7585380171753506
163,#$\geq$10,#2,#600--850,#600--1200,1.8937819696347278,1.310212838813191,1.7,1.1139893939027812,0.7707134345959947
164,#$\geq$10,#2,#600--850,#$\geq$1200,4.6399370331385965,5.141024610776285,1.2,3.866614194282164,4.284187175646904
165,#$\geq$10,#2,#$\geq$850,#850--1700,0.19323010351562067,0.18172248979183508,0.0,nan,nan
166,#$\geq$10,#2,#$\geq$850,#$\geq$1700,0.49523248968262873,0.39655176544734505,0.1,4.952324896826287,3.9655176544734503
167,#$\geq$10,#$\geq$3,#300--350,#600--1200,14.9738339504636,14.698761034076963,7.2,2.0796991597866112,2.0414945880662447
168,#$\geq$10,#$\geq$3,#300--350,#$\geq$1200,21.966862326202477,21.762526470292354,5.6,3.9226539868218713,3.886165441123635
169,#$\geq$10,#$\geq$3,#350--600,#600--1200,16.644392511253,15.370991740172682,2.2,7.565632959660453,6.986814427351218
170,#$\geq$10,#$\geq$3,#350--600,#$\geq$1200,28.447121388777642,29.453640766818445,5.7,4.990723050662744,5.167305397687446
171,#$\geq$10,#$\geq$3,#600--850,#600--1200,0.2851315118483354,0.14063498323841722,0.1,2.851315118483354,1.406349832384172
172,#$\geq$10,#$\geq$3,#600--850,#$\geq$1200,4.080366107608024,4.039996165736951,0.2,20.40183053804012,20.19998082868475
173,#$\geq$10,#$\geq$3,#$\geq$850,#850--1700,0.16987307943942692,0.1638024301657513,0.0,nan,nan
174,#$\geq$10,#$\geq$3,#$\geq$850,#$\geq$1700,0.3043220477526113,0.44270800192225906,0.1,3.0432204775261127,4.427080019222591
