mstop,mlsp,paper_mstop,paper_mlsp,local_expected_pb,paper_expected_pb,paper_expected_root_pb,expected_ratio,local_observed_pb,paper_observed_pb
1250,1.0,1255.7,4.5906,0.00255176556,0.0016372,0.0016372232977419484,1.558615660884437,0.00255680798,0.0016827
1250,100.0,1255.7,97.947,0.00259880306,0.0016856,0.0016856189990234376,1.5417673588039866,0.00260595276,0.0017228
1250,200.0,1255.7,198.48,0.0027046938799999997,0.0017587,0.0017586975939941404,1.5378938306703813,0.00269799574,0.0017737
1250,300.0,1255.7,299.02,0.00290458444,0.0018774,0.0018774003576660157,1.5471313731756684,0.00290676698,0.0018849
1250,400.0,1255.7,399.56,0.00339844056,0.0021262,0.0021262337097167966,1.598363540588844,0.00340506344,0.0020821
1250,500.0,1255.7,500.1,0.00419807806,0.0025792,0.002579197431640625,1.6276667416253103,0.0041934872,0.0023857
1250,600.0,1255.7,600.63,0.0054328688799999995,0.003407,0.003406978285644531,1.5946195714705018,0.0054216551399999995,0.0028218
1250,700.0,1255.7,701.17,0.00717318112,0.004778,0.004778046020507813,1.5012936626203432,0.0071821370600000005,0.0034316
1250,800.0,1255.7,801.71,0.010630475,0.0076859,0.007685916307617188,1.38311388386526,0.010614745660000001,0.0049358
1250,900.0,1255.7,902.25,0.016510162499999998,0.013498,0.013497653326171878,1.2231562083271594,0.01649721778,0.0080423
1250,1100.0,1255.7,1103.3,0.05362275,0.053465,0.05346494865234387,1.0029505283830542,0.05350985999999999,0.036677
